{
    "RMSE": 13.259108705127773,
    "R2": 0.06221312511553578,
    "MAE": 10.040225730571013
}