{
    "RMSE": 12.770505310940642,
    "R2": 0.1300552895917808,
    "MAE": 9.67751980348678
}