{
    "RMSE": 13.150714526428356,
    "R2": 0.0774834030304622,
    "MAE": 9.911847243215165
}